CID_repair,id
BeekOlafFDP,2410d0a1-db0e-4f57-8ab3-704cc57ce9cd
BruggerAgnesGRÜNE,1d85d982-c862-4d1d-adb9-107d666740cc
DagdelenSevimDIELINKE,af62b14d-f4b1-44eb-b404-b470ffacb997
FunkegenanntKaiserMaximilianFDP,25a54f04-ed29-467a-b3d3-01c600150939
MalottkiErikSPD,edfaedb9-756f-43bf-9592-5dfd86194bee
NastićZaklinDIELINKE,61e4ab6c-f7a7-47fe-8cba-58dedf666fa5
NotzKonstantinGRÜNE,809c68a4-7461-4c0d-ac5d-bedfa4c6ab06
SantosFirnhaberCatarinaCDU,198f61e4-b556-433e-9b51-cfb79a80b2d7
StettenChristianCDU,ed2ca7bf-af83-4e73-bbfa-64133b16a62e
StorchBeatrixAfD,ccb4c6e1-de08-4fe5-b389-7d8f543ac261
VriesChristophCDU,0bc556a0-65a4-4791-88dc-4068cbae190a
RidderDanielaSPD,00b6758e-7d5b-4ae9-a288-fb0e35ea1b74